[
  {
    "ProducerName": "Mining-2-Seed Processor",
    "InputIdentifier": "Slime",
    "InputStack": 1,
    "OutputStack": 1,
    "MinutesUntilReady": 20,
    "OutputIdentifier": "Wheat Seeds",
    "Sounds": ["furnace"]
  },
  {
    "ProducerName": "Mining-2-Seed Processor",
    "InputIdentifier": "Bug Meat",
    "InputStack": 5,
    "OutputStack": 5,
    "MinutesUntilReady": 20,
    "OutputIdentifier": "Fiber Seeds",
    "Sounds": ["furnace"]
  },
  {
    "ProducerName": "Mining-2-Seed Processor",
    "InputIdentifier": "Bat Wing",
    "InputStack": 5,
    "OutputStack": 5,
    "MinutesUntilReady": 20,
    "OutputIdentifier": "Jazz Seeds",
    "Sounds": ["furnace"]
  },
  {
    "ProducerName": "Mining-2-Seed Processor",
    "InputIdentifier": "Bone Fragment",
    "InputStack": 5,
    "OutputStack": 5,
    "MinutesUntilReady": 20,
    "OutputIdentifier": "Amaranth Seeds",
    "Sounds": ["furnace"]
  },
  {
    "ProducerName": "Mining-2-Seed Processor",
    "InputIdentifier": "Solar Essence",
    "InputStack": 1,
    "OutputStack": 5,
    "MinutesUntilReady": 20,
    "OutputIdentifier": "Cauliflower Seeds",
    "Sounds": ["furnace"]
  },
  {
    "ProducerName": "Mining-2-Seed Processor",
    "InputIdentifier": "Void Essence",
    "InputStack": 1,
    "OutputStack": 5,
    "MinutesUntilReady": 20,
    "OutputIdentifier": "Coffee Bean",
    "Sounds": ["furnace"]
  },
  {
    "ProducerName": "Mining-2-Seed Processor",
    "InputIdentifier": "Quartz",
    "InputStack": 1,
    "OutputStack": 5,
    "MinutesUntilReady": 20,
    "OutputIdentifier": "Parsnip Seed",
    "Sounds": ["furnace"]
  },
  {
    "ProducerName": "Mining-2-Seed Processor",
    "InputIdentifier": "Earth Crystal",
    "InputStack": 1,
    "OutputStack": 5,
    "MinutesUntilReady": 20,
    "OutputIdentifier": "Cranberry Seeds",
    "Sounds": ["furnace"]
  },
  {
    "ProducerName": "Mining-2-Seed Processor",
    "InputIdentifier": "Frozen Tear",
    "InputStack": 1,
    "OutputStack": 5,
    "MinutesUntilReady": 20,
    "OutputIdentifier": "Pumpkin Seeds",
    "Sounds": ["furnace"]
  },
  {
    "ProducerName": "Mining-2-Seed Processor",
    "InputIdentifier": "Fire Quartz",
    "InputStack": 1,
    "OutputStack": 5,
    "MinutesUntilReady": 20,
    "OutputIdentifier": "Red Cabbage Seeds",
    "Sounds": ["furnace"]
  },
  {
    "ProducerName": "Mining-2-Seed Processor",
    "InputIdentifier": "Emerald",
    "InputStack": 1,
    "OutputStack": 5,
    "MinutesUntilReady": 20,
    "OutputIdentifier": "Melon Seeds",
    "Sounds": ["furnace"]
  },
  {
    "ProducerName": "Mining-2-Seed Processor",
    "InputIdentifier": "Aquamarine",
    "InputStack": 1,
    "OutputStack": 5,
    "MinutesUntilReady": 20,
    "OutputIdentifier": "Cauliflower Seeds",
    "Sounds": ["furnace"]
  },
  {
    "ProducerName": "Mining-2-Seed Processor",
    "InputIdentifier": "Ruby",
    "InputStack": 1,
    "OutputStack": 5,
    "MinutesUntilReady": 20,
    "OutputIdentifier": "Rhubarb Seeds",
    "Sounds": ["furnace"]
  },
  {
    "ProducerName": "Mining-2-Seed Processor",
    "InputIdentifier": "Amethyst",
    "InputStack": 1,
    "OutputStack": 5,
    "MinutesUntilReady": 20,
    "OutputIdentifier": "Grape Starter",
    "Sounds": ["furnace"]
  },
  {
    "ProducerName": "Mining-2-Seed Processor",
    "InputIdentifier": "Topaz",
    "InputStack": 1,
    "OutputStack": 5,
    "MinutesUntilReady": 20,
    "OutputIdentifier": "Corn Seeds",
    "Sounds": ["furnace"]
  },
  {
    "ProducerName": "Mining-2-Seed Processor",
    "InputIdentifier": "Jade",
    "InputStack": 1,
    "OutputStack": 8,
    "MinutesUntilReady": 20,
    "OutputIdentifier": "Starfruit Seeds",
    "Sounds": ["furnace"]
  },
  {
    "ProducerName": "Mining-2-Seed Processor",
    "InputIdentifier": "Diamond",
    "InputStack": 1,
    "OutputStack": 10,
    "MinutesUntilReady": 20,
    "OutputIdentifier": "Rare Seed",
    "Sounds": ["furnace"]
  },
  {
    "ProducerName": "Mining-2-Seed Processor",
    "InputIdentifier": "Prismatic Shard",
    "InputStack": 1,
    "OutputStack": 20,
    "MinutesUntilReady": 20,
    "OutputIdentifier": "Ancient Seeds",
    "Sounds": ["furnace"]
  },
  {
    "ProducerName": "Mining-2-Seed Processor",
    "InputIdentifier": "Petrified Slime",
    "InputStack": 1,
    "OutputStack": 5,
    "MinutesUntilReady": 20,
    "OutputIdentifier": "Sunflower Seeds",
    "Sounds": ["furnace"]
  },
  {
    "ProducerName": "Mining-2-Seed Processor",
    "InputIdentifier": "Alamite",
    "InputStack": 1,
    "OutputStack": 5,
    "MinutesUntilReady": 20,
    "OutputIdentifier": "Bean Starter",
    "Sounds": ["furnace"]
  },
  {
    "ProducerName": "Mining-2-Seed Processor",
    "InputIdentifier": "Calcite",
    "InputStack": 1,
    "OutputStack": 5,
    "MinutesUntilReady": 20,
    "OutputIdentifier": "Kale Seeds",
    "Sounds": ["furnace"]
  },
  {
    "ProducerName": "Mining-2-Seed Processor",
    "InputIdentifier": "Jamborite",
    "InputStack": 1,
    "OutputStack": 5,
    "MinutesUntilReady": 20,
    "OutputIdentifier": "Parsnip Seeds",
    "Sounds": ["furnace"]
  },
  {
    "ProducerName": "Mining-2-Seed Processor",
    "InputIdentifier": "Jagoite",
    "InputStack": 1,
    "OutputStack": 5,
    "MinutesUntilReady": 20,
    "OutputIdentifier": "Potato Seeds",
    "Sounds": ["furnace"]
  },
  {
    "ProducerName": "Mining-2-Seed Processor",
    "InputIdentifier": "Malachite",
    "InputStack": 1,
    "OutputStack": 5,
    "MinutesUntilReady": 20,
    "OutputIdentifier": "Tulip Bulb",
    "Sounds": ["furnace"]
  },
  {
    "ProducerName": "Mining-2-Seed Processor",
    "InputIdentifier": "Nekoite",
    "InputStack": 1,
    "OutputStack": 5,
    "MinutesUntilReady": 20,
    "OutputIdentifier": "Rice Shoot",
    "Sounds": ["furnace"]
  },
  {
    "ProducerName": "Mining-2-Seed Processor",
    "InputIdentifier": "Orpiment",
    "InputStack": 1,
    "OutputStack": 5,
    "MinutesUntilReady": 20,
    "OutputIdentifier": "Garlic Seeds",
    "Sounds": ["furnace"]
  },
  {
    "ProducerName": "Mining-2-Seed Processor",
    "InputIdentifier": "Thunder Egg",
    "InputStack": 1,
    "OutputStack": 5,
    "MinutesUntilReady": 20,
    "OutputIdentifier": "Kale Seeds",
    "Sounds": ["furnace"]
  },
  {
    "ProducerName": "Mining-2-Seed Processor",
    "InputIdentifier": "Celestine",
    "InputStack": 1,
    "OutputStack": 5,
    "MinutesUntilReady": 20,
    "OutputIdentifier": "Blueberry Seeds",
    "Sounds": ["furnace"]
  },
  {
    "ProducerName": "Mining-2-Seed Processor",
    "InputIdentifier": "Sandstone",
    "InputStack": 1,
    "OutputStack": 5,
    "MinutesUntilReady": 20,
    "OutputIdentifier": "Hops Starter",
    "Sounds": ["furnace"]
  },
  {
    "ProducerName": "Mining-2-Seed Processor",
    "InputIdentifier": "Granite",
    "InputStack": 1,
    "OutputStack": 5,
    "MinutesUntilReady": 20,
    "OutputIdentifier": "Melon Seeds",
    "Sounds": ["furnace"]
  },
  {
    "ProducerName": "Mining-2-Seed Processor",
    "InputIdentifier": "Limestone",
    "InputStack": 1,
    "OutputStack": 5,
    "MinutesUntilReady": 20,
    "OutputIdentifier": "Tea Sapling",
    "Sounds": ["furnace"]
  },
  {
    "ProducerName": "Mining-2-Seed Processor",
    "InputIdentifier": "Mudstone",
    "InputStack": 1,
    "OutputStack": 5,
    "MinutesUntilReady": 20,
    "OutputIdentifier": "Taro Tuber",
    "Sounds": ["furnace"]
  },
  {
    "ProducerName": "Mining-2-Seed Processor",
    "InputIdentifier": "Slate",
    "InputStack": 1,
    "OutputStack": 5,
    "MinutesUntilReady": 20,
    "OutputIdentifier": "Pineapple Seeds",
    "Sounds": ["furnace"]
  },
  {
    "ProducerName": "Mining-2-Seed Processor",
    "InputIdentifier": "Opal",
    "InputStack": 1,
    "OutputStack": 5,
    "MinutesUntilReady": 20,
    "OutputIdentifier": "Blueberry Seeds",
    "Sounds": ["furnace"]
  },
  {
    "ProducerName": "Mining-2-Seed Processor",
    "InputIdentifier": "Aerinite",
    "InputStack": 1,
    "OutputStack": 5,
    "MinutesUntilReady": 20,
    "OutputIdentifier": "Corn Seeds",
    "Sounds": ["furnace"]
  },
  {
    "ProducerName": "Mining-2-Seed Processor",
    "InputIdentifier": "Esperite",
    "InputStack": 1,
    "OutputStack": 5,
    "MinutesUntilReady": 20,
    "OutputIdentifier": "Hops Starter",
    "Sounds": ["furnace"]
  },
  {
    "ProducerName": "Mining-2-Seed Processor",
    "InputIdentifier": "Fluorapatite",
    "InputStack": 1,
    "OutputStack": 5,
    "MinutesUntilReady": 20,
    "OutputIdentifier": "Pepper Seeds",
    "Sounds": ["furnace"]
  },
  {
    "ProducerName": "Mining-2-Seed Processor",
    "InputIdentifier": "Geminite",
    "InputStack": 1,
    "OutputStack": 5,
    "MinutesUntilReady": 20,
    "OutputIdentifier": "Tomato Seeds",
    "Sounds": ["furnace"]
  },
  {
    "ProducerName": "Mining-2-Seed Processor",
    "InputIdentifier": "Kyanite",
    "InputStack": 1,
    "OutputStack": 5,
    "MinutesUntilReady": 20,
    "OutputIdentifier": "Poppy Seeds",
    "Sounds": ["furnace"]
  },
  {
    "ProducerName": "Mining-2-Seed Processor",
    "InputIdentifier": "Lunarite",
    "InputStack": 1,
    "OutputStack": 5,
    "MinutesUntilReady": 20,
    "OutputIdentifier": "Radish Seeds",
    "Sounds": ["furnace"]
  },
  {
    "ProducerName": "Mining-2-Seed Processor",
    "InputIdentifier": "Pyrite",
    "InputStack": 1,
    "OutputStack": 5,
    "MinutesUntilReady": 20,
    "OutputIdentifier": "Tea Sapling",
    "Sounds": ["furnace"]
  },
  {
    "ProducerName": "Mining-2-Seed Processor",
    "InputIdentifier": "Ocean Stone",
    "InputStack": 1,
    "OutputStack": 5,
    "MinutesUntilReady": 20,
    "OutputIdentifier": "Pepper Seeds",
    "Sounds": ["furnace"]
  },
  {
    "ProducerName": "Mining-2-Seed Processor",
    "InputIdentifier": "Ghost Crystal",
    "InputStack": 1,
    "OutputStack": 5,
    "MinutesUntilReady": 20,
    "OutputIdentifier": "Spangle Seeds",
    "Sounds": ["furnace"]
  },
  {
    "ProducerName": "Mining-2-Seed Processor",
    "InputIdentifier": "Marble",
    "InputStack": 1,
    "OutputStack": 5,
    "MinutesUntilReady": 20,
    "OutputIdentifier": "Sunflower Seeds",
    "Sounds": ["furnace"]
  },
  {
    "ProducerName": "Mining-2-Seed Processor",
    "InputIdentifier": "Soapstone",
    "InputStack": 1,
    "OutputStack": 5,
    "MinutesUntilReady": 20,
    "OutputIdentifier": "Tomato Seeds",
    "Sounds": ["furnace"]
  },
  {
    "ProducerName": "Mining-2-Seed Processor",
    "InputIdentifier": "Hematite",
    "InputStack": 1,
    "OutputStack": 5,
    "MinutesUntilReady": 20,
    "OutputIdentifier": "Wheat Seeds",
    "Sounds": ["furnace"]
  },
  {
    "ProducerName": "Mining-2-Seed Processor",
    "InputIdentifier": "Fairy Stone",
    "InputStack": 1,
    "OutputStack": 5,
    "MinutesUntilReady": 20,
    "OutputIdentifier": "Fairy Seeds",
    "Sounds": ["furnace"]
  },
  {
    "ProducerName": "Mining-2-Seed Processor",
    "InputIdentifier": "Bixite",
    "InputStack": 1,
    "OutputStack": 5,
    "MinutesUntilReady": 20,
    "OutputIdentifier": "Amaranth Seeds",
    "Sounds": ["furnace"]
  },
  {
    "ProducerName": "Mining-2-Seed Processor",
    "InputIdentifier": "Neptunite",
    "InputStack": 1,
    "OutputStack": 5,
    "MinutesUntilReady": 20,
    "OutputIdentifier": "Artichoke Seeds",
    "Sounds": ["furnace"]
  },
  {
    "ProducerName": "Mining-2-Seed Processor",
    "InputIdentifier": "Tigerseye",
    "InputStack": 1,
    "OutputStack": 5,
    "MinutesUntilReady": 20,
    "OutputIdentifier": "Beet Seeds",
    "Sounds": ["furnace"]
  },
  {
    "ProducerName": "Mining-2-Seed Processor",
    "InputIdentifier": "Fire Opal",
    "InputStack": 1,
    "OutputStack": 5,
    "MinutesUntilReady": 20,
    "OutputIdentifier": "Bok Choy Seeds",
    "Sounds": ["furnace"]
  },
  {
    "ProducerName": "Mining-2-Seed Processor",
    "InputIdentifier": "Baryte",
    "InputStack": 1,
    "OutputStack": 5,
    "MinutesUntilReady": 20,
    "OutputIdentifier": "Cranberry Seeds",
    "Sounds": ["furnace"]
  },
  {
    "ProducerName": "Mining-2-Seed Processor",
    "InputIdentifier": "Dolomite",
    "InputStack": 1,
    "OutputStack": 5,
    "MinutesUntilReady": 20,
    "OutputIdentifier": "Eggplant Seeds",
    "Sounds": ["furnace"]
  },
  {
    "ProducerName": "Mining-2-Seed Processor",
    "InputIdentifier": "Helvite",
    "InputStack": 1,
    "OutputStack": 5,
    "MinutesUntilReady": 20,
    "OutputIdentifier": "Grape Starter",
    "Sounds": ["furnace"]
  },
  {
    "ProducerName": "Mining-2-Seed Processor",
    "InputIdentifier": "Lemon Stone",
    "InputStack": 1,
    "OutputStack": 5,
    "MinutesUntilReady": 20,
    "OutputIdentifier": "Yam Seeds",
    "Sounds": ["furnace"]
  },
  {
    "ProducerName": "Mining-2-Seed Processor",
    "InputIdentifier": "Jasper",
    "InputStack": 1,
    "OutputStack": 5,
    "MinutesUntilReady": 20,
    "OutputIdentifier": "Yam Seeds",
    "Sounds": ["furnace"]
  },
  {
    "ProducerName": "Mining-2-Seed Processor",
    "InputIdentifier": "Basalt",
    "InputStack": 1,
    "OutputStack": 5,
    "MinutesUntilReady": 20,
    "OutputIdentifier": "Cactus Seeds",
    "Sounds": ["furnace"]
  },
  {
    "ProducerName": "Mining-2-Seed Processor",
    "InputIdentifier": "Obsidian",
    "InputStack": 1,
    "OutputStack": 5,
    "MinutesUntilReady": 20,
    "OutputIdentifier": "Rare Seed",
    "Sounds": ["furnace"]
  },
  {
    "ProducerName": "Mining-2-Seed Processor",
    "InputIdentifier": "Star Shards",
    "InputStack": 1,
    "OutputStack": 10,
    "MinutesUntilReady": 20,
    "OutputIdentifier": "Starfruit Seeds",
    "Sounds": ["furnace"]
  },
  {
    "ProducerName": "Mining-2-Seed Processor",
    "InputIdentifier": "Geode",
    "InputStack": 1,
    "OutputStack": 1,
    "MinutesUntilReady": 20,
    "OutputIdentifier": "Potato Seeds",
    "Sounds": ["furnace"]
  },
  {
    "ProducerName": "Mining-2-Seed Processor",
    "InputIdentifier": "Frozen Geode",
    "InputStack": 1,
    "OutputStack": 1,
    "MinutesUntilReady": 20,
    "OutputIdentifier": "Strawberry Seeds",
    "Sounds": ["furnace"]
  },
  {
    "ProducerName": "Mining-2-Seed Processor",
    "InputIdentifier": "Magma Geode",
    "InputStack": 1,
    "OutputStack": 1,
    "MinutesUntilReady": 20,
    "OutputIdentifier": "Red Cabbage Seeds",
    "Sounds": ["furnace"]
  },
  {
    "ProducerName": "Mining-2-Seed Processor",
    "InputIdentifier": "Omni Geode",
    "InputStack": 1,
    "OutputStack": 1,
    "MinutesUntilReady": 20,
    "OutputIdentifier": "Pumpkin Seeds",
    "Sounds": ["furnace"]
  },
  {
    "ProducerName": "Mining-2-Seed Processor",
    "InputIdentifier": "Stone",
    "InputStack": 10,
    "OutputStack": 1,
    "MinutesUntilReady": 20,
    "OutputIdentifier": "Mixed Seeds",
    "Sounds": ["furnace"]
  },
  {
    "ProducerName": "Mining-2-Seed Processor",
    "InputIdentifier": "Coal",
    "InputStack": 1,
    "OutputStack": 1,
    "Sounds": ["furnace"],
    "AdditionalOutputs": [
      {
        "OutputIdentifier": "Bean Starter",
        "MinutesUntilReady": 30
      },
      {
        "OutputIdentifier": "Parsnip Seeds",
        "MinutesUntilReady": 30
      },
      {
        "OutputIdentifier": "Cauliflower Seeds",
        "MinutesUntilReady": 30
      },
      {
        "OutputIdentifier": "Jazz Seeds",
        "MinutesUntilReady": 30
      },
      {
        "OutputIdentifier": "Garlic Seeds",
        "MinutesUntilReady": 30
      },
      {
        "OutputIdentifier": "Kale Seeds",
        "MinutesUntilReady": 30
      },
      {
        "OutputIdentifier": "Potato Seeds",
        "MinutesUntilReady": 30
      },
      {
        "OutputIdentifier": "Coffee Bean",
        "MinutesUntilReady": 30
      },
      {
        "OutputIdentifier": "Tulip Bulb",
        "MinutesUntilReady": 30
      },
      {
        "OutputIdentifier": "Rice Shoot",
        "MinutesUntilReady": 30
      },
      {
        "OutputIdentifier": "Blueberry Seeds",
        "MinutesUntilReady": 30
      },
      {
        "OutputIdentifier": "Corn Seeds",
        "MinutesUntilReady": 30
      },
      {
        "OutputIdentifier": "Hops Starter",
        "MinutesUntilReady": 30
      },
      {
        "OutputIdentifier": "Pepper Seeds",
        "MinutesUntilReady": 30
      },
      {
        "OutputIdentifier": "Melon Seeds",
        "MinutesUntilReady": 30
      },
      {
        "OutputIdentifier": "Poppy Seeds",
        "MinutesUntilReady": 30
      },
      {
        "OutputIdentifier": "Radish Seeds",
        "MinutesUntilReady": 30
      },
      {
        "OutputIdentifier": "Rhubard Seeds",
        "MinutesUntilReady": 30
      },
      {
        "OutputIdentifier": "Red Cabbage Seeds",
        "MinutesUntilReady": 30
      },
      {
        "OutputIdentifier": "Starfruit Seeds",
        "MinutesUntilReady": 30
      },
      {
        "OutputIdentifier": "Spangle Seeds",
        "MinutesUntilReady": 30
      },
      {
        "OutputIdentifier": "Sunflower Seeds",
        "MinutesUntilReady": 30
      },
      {
        "OutputIdentifier": "Tomato Seeds",
        "MinutesUntilReady": 30
      },
      {
        "OutputIdentifier": "Wheat Seeds",
        "MinutesUntilReady": 30
      },
      {
        "OutputIdentifier": "Amaranth Seeds",
        "MinutesUntilReady": 30
      },
      {
        "OutputIdentifier": "Artichoke Seeds",
        "MinutesUntilReady": 30
      },
      {
        "OutputIdentifier": "Beet Seeds",
        "MinutesUntilReady": 30
      },
      {
        "OutputIdentifier": "Bok Choy Seeds",
        "MinutesUntilReady": 30
      },
      {
        "OutputIdentifier": "Cranberry Seeds",
        "MinutesUntilReady": 30
      },
      {
        "OutputIdentifier": "Eggplant Seeds",
        "MinutesUntilReady": 30
      },
      {
        "OutputIdentifier": "Fairy Seeds",
        "MinutesUntilReady": 30
      },
      {
        "OutputIdentifier": "Grape Starter",
        "MinutesUntilReady": 30
      },
      {
        "OutputIdentifier": "Pumpkin Seeds",
        "MinutesUntilReady": 30
      },
      {
        "OutputIdentifier": "Yam Seeds",
        "MinutesUntilReady": 30
      },
      {
        "OutputIdentifier": "Cactus Seeds",
        "MinutesUntilReady": 30
      },
      {
        "OutputIdentifier": "Fiber Seeds",
        "MinutesUntilReady": 30
      },
      {
        "OutputIdentifier": "Mixed Seeds",
        "MinutesUntilReady": 30
      },
      {
        "OutputIdentifier": "Pineapple Seeds",
        "MinutesUntilReady": 30
      },
      {
        "OutputIdentifier": "Taro Tuber",
        "MinutesUntilReady": 30
      },
      {
        "OutputIdentifier": "Rare Seed",
        "MinutesUntilReady": 30
      },
      {
        "OutputIdentifier": "Tea Sapling",
        "MinutesUntilReady": 30
      }
    ]
  },
  {
    "ProducerName": "Mining-2-Seed Processor",
    "InputIdentifier": "Copper Ore",
    "InputStack": 1,
    "OutputStack": 1,
    "Sounds": ["furnace"],
    "AdditionalOutputs": [
      {
        "OutputIdentifier": "Bean Starter",
        "MinutesUntilReady": 30
      },
      {
        "OutputIdentifier": "Parsnip Seeds",
        "MinutesUntilReady": 30
      },
      {
        "OutputIdentifier": "Cauliflower Seeds",
        "MinutesUntilReady": 30
      },
      {
        "OutputIdentifier": "Jazz Seeds",
        "MinutesUntilReady": 30
      },
      {
        "OutputIdentifier": "Garlic Seeds",
        "MinutesUntilReady": 30
      },
      {
        "OutputIdentifier": "Kale Seeds",
        "MinutesUntilReady": 30
      },
      {
        "OutputIdentifier": "Potato Seeds",
        "MinutesUntilReady": 30
      },
      {
        "OutputIdentifier": "Coffee Bean",
        "MinutesUntilReady": 30
      },
      {
        "OutputIdentifier": "Tulip Bulb",
        "MinutesUntilReady": 30
      },
      {
        "OutputIdentifier": "Rice Shoot",
        "MinutesUntilReady": 30
      }
    ]
  },
  {
    "ProducerName": "Mining-2-Seed Processor",
    "InputIdentifier": "Iron Ore",
    "InputStack": 1,
    "OutputStack": 1,
    "Sounds": ["furnace"],
    "AdditionalOutputs": [
      {
        "OutputIdentifier": "Coffee Bean",
        "MinutesUntilReady": 30
      },
      {
        "OutputIdentifier": "Blueberry Seeds",
        "MinutesUntilReady": 30
      },
      {
        "OutputIdentifier": "Corn Seeds",
        "MinutesUntilReady": 30
      },
      {
        "OutputIdentifier": "Hops Starter",
        "MinutesUntilReady": 30
      },
      {
        "OutputIdentifier": "Pepper Seeds",
        "MinutesUntilReady": 30
      },
      {
        "OutputIdentifier": "Melon Seeds",
        "MinutesUntilReady": 30
      },
      {
        "OutputIdentifier": "Poppy Seeds",
        "MinutesUntilReady": 30
      },
      {
        "OutputIdentifier": "Radish Seeds",
        "MinutesUntilReady": 30
      },
      {
        "OutputIdentifier": "Rhubard Seeds",
        "MinutesUntilReady": 30
      },
      {
        "OutputIdentifier": "Red Cabbage Seeds",
        "MinutesUntilReady": 30
      },
      {
        "OutputIdentifier": "Starfruit Seeds",
        "MinutesUntilReady": 30
      },
      {
        "OutputIdentifier": "Spangle Seeds",
        "MinutesUntilReady": 30
      },
      {
        "OutputIdentifier": "Sunflower Seeds",
        "MinutesUntilReady": 30
      },
      {
        "OutputIdentifier": "Tomato Seeds",
        "MinutesUntilReady": 30
      },
      {
        "OutputIdentifier": "Wheat Seeds",
        "MinutesUntilReady": 30
      }
    ]
  },
  {
    "ProducerName": "Mining-2-Seed Processor",
    "InputIdentifier": "Gold Ore",
    "InputStack": 1,
    "OutputStack": 1,
    "Sounds": ["furnace"],
    "AdditionalOutputs": [
      {
        "OutputIdentifier": "Corn Seeds",
        "MinutesUntilReady": 30
      },
      {
        "OutputIdentifier": "Sunflower Seeds",
        "MinutesUntilReady": 30
      },
      {
        "OutputIdentifier": "Wheat Seeds",
        "MinutesUntilReady": 30
      },
      {
        "OutputIdentifier": "Amaranth Seeds",
        "MinutesUntilReady": 30
      },
      {
        "OutputIdentifier": "Artichoke Seeds",
        "MinutesUntilReady": 30
      },
      {
        "OutputIdentifier": "Beet Seeds",
        "MinutesUntilReady": 30
      },
      {
        "OutputIdentifier": "Bok Choy Seeds",
        "MinutesUntilReady": 30
      },
      {
        "OutputIdentifier": "Cranberry Seeds",
        "MinutesUntilReady": 30
      },
      {
        "OutputIdentifier": "Eggplant Seeds",
        "MinutesUntilReady": 30
      },
      {
        "OutputIdentifier": "Fairy Seeds",
        "MinutesUntilReady": 30
      },
      {
        "OutputIdentifier": "Grape Starter",
        "MinutesUntilReady": 30
      },
      {
        "OutputIdentifier": "Pumpkin Seeds",
        "MinutesUntilReady": 30
      },
      {
        "OutputIdentifier": "Yam Seeds",
        "MinutesUntilReady": 30
      }
    ]
  },
  {
    "ProducerName": "Mining-2-Seed Processor",
    "InputIdentifier": "Iridium Ore",
    "InputStack": 1,
    "OutputStack": 1,
    "Sounds": ["furnace"],
    "AdditionalOutputs": [
      {
        "OutputIdentifier": "Cactus Seeds",
        "MinutesUntilReady": 30
      },
      {
        "OutputIdentifier": "Pineapple Seeds",
        "MinutesUntilReady": 30
      },
      {
        "OutputIdentifier": "Taro Tuber",
        "MinutesUntilReady": 30
      },
      {
        "OutputIdentifier": "Rare Seed",
        "MinutesUntilReady": 30
      },
      {
        "OutputIdentifier": "Tea Sapling",
        "MinutesUntilReady": 30
      },
      {
        "OutputIdentifier": "Starfruit Seeds",
        "MinutesUntilReady": 30
      }
    ]
  }
]
