[
  {
    "ProducerName": "Raretron 3000",
    "InputIdentifier": "Bone Fragment",
    "InputStack": 50,
    "MinutesUntilReady": 10,
    "OutputIdentifier": "Enricher",
    "Sounds": ["Ship"]
  },
  {
    "ProducerName": "Raretron 3000",
    "InputIdentifier": "Iron Ore",
    "InputStack": 10,
    "MinutesUntilReady": 10,
    "OutputIdentifier": "Pressure Nozzle",
    "Sounds": ["Ship"]
  },
  {
    "ProducerName": "Raretron 3000",
    "InputIdentifier": "Gold Ore",
    "InputStack": 10,
    "MinutesUntilReady": 10,
    "OutputIdentifier": "Pierre's Missing Stocklist",
    "Sounds": ["Ship"]
  },
  {
    "ProducerName": "Raretron 3000",
    "InputIdentifier": "Bug Meat",
    "InputStack": 5,
    "MinutesUntilReady": 10,
    "OutputIdentifier": "Magic Bait",
    "Sounds": ["Ship"]
  },
  {
    "ProducerName": "Raretron 3000",
    "InputIdentifier": "Sap",
    "InputStack": 15,
    "MinutesUntilReady": 10,
    "OutputIdentifier": "Hyper Speed-Gro",
    "Sounds": ["Ship"]
  },
  {
    "ProducerName": "Raretron 3000",
    "InputIdentifier": "Common Mushroom",
    "InputStack": 1,
    "MinutesUntilReady": 10,
    "OutputIdentifier": "Deluxe Fertilizer",
    "Sounds": ["Ship"]
  },
  {
    "ProducerName": "Raretron 3000",
    "InputIdentifier": "Common Mushroom",
    "InputStack": 1,
    "MinutesUntilReady": 10,
    "OutputIdentifier": "Deluxe Fertilizer",
    "Sounds": ["Ship"]
  },
  {
    "ProducerName": "Raretron 3000",
    "InputIdentifier": "Diamond",
    "InputStack": 10,
    "MinutesUntilReady": 10,
    "OutputIdentifier": "Prismatic Shard",
    "Sounds": ["Ship"]
  }
]
