{
  "Name": "Mining-2-Seed Processor",
  "Description": "Convert minerals, ore, and monster loot into farmable seeds!",
  "Price": 100,
  "ProvidesLight": true,
  "CanPurchase": false,
  "Recipe": {
    "ResultCount": 1,
    "Ingredients": [
      {
        "Object": 390, //stone
        "Count": 25
      },
      {
        "Object": 382, //coal
        "Count": 5
      },
      {
        "Object": 378, //copper ore
        "Count": 10
      }
    ],
    "IsDefault": true,
    "CanPurchase": false
  }
}
