[
  {
    "ProducerName": "Mixed Seed Kiln",
    "InputIdentifier": "Wood",
    "InputStack": 15,
    "MinutesUntilReady": 20,
    "OutputIdentifier": "Mixed Seeds",
    "Sounds": ["Ship"]
  },
  {
    "ProducerName": "Mixed Seed Kiln",
    "InputIdentifier": "Stone",
    "InputStack": 15,
    "MinutesUntilReady": 20,
    "OutputIdentifier": "Mixed Seeds",
    "Sounds": ["Ship"]
  },
  {
    "ProducerName": "Mixed Seed Kiln",
    "InputIdentifier": "Fiber",
    "InputStack": 15,
    "MinutesUntilReady": 20,
    "OutputIdentifier": "Mixed Seeds",
    "Sounds": ["Ship"]
  }
]
